Task ID,Priority,Task Name,Status,Effort Hours,Complexity,Files Involved,Est. Lines Removed,Start Date,Completed Date,Branch Name,PR Number,Time Spent,Notes
T1,P0,Consolidate Progress Calculation Logic,Completed,20-25,High,"goalTracker.js, performanceTracker.js, progressTracker.js",42,11/16/25,11/16/25,feature/task-1-progress-calc,PR-001,4-Mar,"Removed 42 lines of duplicate code from goalTracker.js"
T2,P0,Extract Module Statistics Utility,Completed,18-22,High,"Dashboard.js, performanceTracker.js, goalTracker.js",101,11/16/25,11/16/25,feature/task-2-module-stats,PR-002,6-May,"Created getModuleStatistics() utility, removed 101 lines across 3 files"
T3,P1,Simplify Dashboard Section Rendering,Completed,25-30,Very High,Dashboard.js,250+,11/16/25,11/16/25,feature/task-3-dashboard-sections,PR-003,~7-Aug,"Extracted Dashboard sections to DashboardSections.js, replaced 250+ line switch with component map, ~200 lines removed"
T4,P1,Extract Test Mode Logic from Production,Completed,16-Dec,Medium,Dashboard.js:17-109 → testHelpers.js,89,11/16/25,11/16/25,feature/task-4-test-helpers,PR-004,3-Jun,"Created testHelpers.js utility, removed 89 lines from Dashboard.js"
T5,P1,Create Storage Keys Utility,Completed,15-Dec,Medium,All utility files with localStorage,Multiple instances,11/16/25,11/16/25,feature/task-5-storage-keys,PR-005,2-Sep,"Created storageKeys.js, updated progressTracker.js and testHelpers.js to use centralized keys"
T6,P1,Consolidate CSS Files,Deferred,16-20,Medium,16 CSS files in src/styles/,Consolidates 16→4-5,,11/16/25,,,,"Deferred - CSS consolidation risky without extensive testing, recommend future dedicated session"
T7,P2,Refactor Redundant Navigation Handlers,Completed,8-Jun,Low,App.js:90-135,7,11/16/25,11/16/25,feature/task-7-nav-handlers,PR-007,1-Jun,"Consolidated 4 navigation handlers into single handleNavigate() function, removed 7 lines"
T8,P2,Standardize Date Formatting,Completed,10-Aug,Low,"performanceTracker.js, goalTracker.js, streakTracker.js, SmartRecommendations.js",Multiple instances,11/16/25,11/16/25,feature/task-8-date-formatting,PR-008,2-Aug,"Standardized date formatting to use date-fns in streakTracker.js and SmartRecommendations.js, fixed bug"
T9,P2,Extract Last Watched Module Logic,Completed,10-Aug,Low,"SmartRecommendations.js, App.js, Dashboard.js",24,11/16/25,11/16/25,feature/task-9-last-watched,PR-009,2-Aug,"Created getLastWatchedModule() helper, removed duplicate logic from 3 files"
T10,P2,Extract Confidence Color Mapping,Completed,6-Apr,Low,"Dashboard.js, potentially others",14,11/16/25,11/16/25,feature/task-10-color-helpers,PR-010,1-Nov,"Created colorHelpers.js, removed 14 lines from Dashboard.js"
T11,P3,Simplify or Remove Related Modules,Completed,6-Apr,Low,SmartRecommendations.js:79-101,23,11/16/25,11/16/25,feature/task-11-remove-related,PR-011,1-Apr,"Removed 23 lines of overcomplicated related modules logic with poor accuracy"
T12,P3,Create Custom React Hooks,Completed,15-18,Medium,"Dashboard.js, ModuleDetail.js, other components",14,11/16/25,11/16/25,feature/task-12-custom-hooks,PR-012,2-Nov,"Created useModuleProgress custom hook, removed 14 lines from ModuleDetail.js"